emdat_id,emdat_event_id,dfo_id,publisher_external_ids,workbook_row,emdat_country,dfo_country,emdat_start,emdat_end,dfo_start,dfo_end,status,reasons
2014-0123-KAZ,2014-0123,DFO-4242,DFO:4242,3526,Kazakhstan,Kazakhstan,2014-03-23,2014-04-15,2015-03-23,2015-04-15,rejected,no_date_overlap
2014-0210-BGR,2014-0210,DFO-4536,DFO:4536|HANZE:54,14355,Bulgaria,Bulgaria,2014-06-19,2014-06-25,2017-10-24,2017-10-26,rejected,no_date_overlap
2014-0494-MYS,2014-0494,DFO-4216,DFO:4216|GLIDE:FL-2014-000168,3344,Malaysia,Malaysia • Thailand,2014-12-16,2014-12-30,2014-12-20,2015-01-01,accepted,
2014-0495-LKA,2014-0495,DFO-4215,DFO:4215,26936,Sri Lanka,Sri Lanka,2014-12-01,2015-01-05,2014-12-20,2015-01-01,accepted,
2014-0532-BOL,2014-0532,DFO-4220,DFO:4220|GLIDE:FL-2015-000008,3325,Bolivia (Plurinational State of),Bolivia (Plurinational State of),2014-10-01,2015-02-01,2015-01-05,2015-02-09,rejected,incomplete_publisher_date
2015-0011-MOZ,2015-0011,DFO-4219,DFO:4219|GLIDE:FL-2015-000006,14433,Mozambique,Malawi • Mozambique,2015-01-01,2015-02-09,2015-01-01,2015-02-09,accepted,
2015-0011-MWI,2015-0011,DFO-4219,DFO:4219|GLIDE:FL-2015-000006,14434,Malawi,Malawi • Mozambique,2015-01-01,2015-01-21,2015-01-01,2015-02-09,accepted,
2015-0038-BGR,2015-0038,DFO-4221,DFO:4221|HANZE:403|HANZE:57,3267,Bulgaria,Greece • Albania,2015-02-01,2015-02-04,2015-02-01,2015-02-09,rejected,country_mismatch
2015-0038-GRC,2015-0038,DFO-4221,DFO:4221|HANZE:403|HANZE:57,3265,Greece,Greece • Albania,2015-01-30,2015-02-09,2015-02-01,2015-02-09,accepted,
2015-0038-TUR,2015-0038,DFO-4221,DFO:4221|HANZE:403|HANZE:57,3259,Türkiye,Greece • Albania,2015-01-30,2015-02-02,2015-02-01,2015-02-09,rejected,country_mismatch
2015-0056-IDN,2015-0056,DFO-4222,DFO:4222,22009,Indonesia,Indonesia,2015-02-05,2015-02-09,2015-02-05,2015-02-09,accepted,
2015-0060-DOM,2015-0060,DFO-4227,DFO:4227|GLIDE:FL-2015-000014,22013,Dominican Republic,Dominican Republic,2015-02-20,2015-02-24,2015-02-20,2015-02-24,accepted,
2015-0090-AGO,2015-0090,DFO-4233,DFO:4233,14454,Angola,Angola,2015-03-09,2015-03-23,2015-03-09,2015-03-23,accepted,
2015-0091-AGO,2015-0091,DFO-4232,DFO:4232,3233,Angola,Angola,2015-03-09,2015-03-23,2015-03-09,2015-03-23,accepted,
2015-0106-CHL,2015-0106,DFO-4238,DFO:4238|GLIDE:FL-2015-000027,3219,Chile,Chile,2015-03-25,2015-04-08,2015-03-25,2015-04-08,accepted,
2015-0107-IND,2015-0107,DFO-4239,DFO:4239|GLIDE:FL-2015-000029,26989,India,India,2015-03-20,2015-03-31,2015-03-20,2015-03-31,accepted,
2015-0116-HTI,2015-0116,DFO-4243,DFO:4243,14459,Haiti,Haiti,2015-04-04,2015-04-06,2015-04-04,2015-04-06,accepted,
2015-0129-IDN,2015-0129,DFO-4231,DFO:4231,22029,Indonesia,Indonesia,2015-03-15,2015-03-23,2015-03-15,2015-03-23,accepted,
2015-0145-PAK,2015-0145,DFO-4245,DFO:4245,14470,Pakistan,Pakistan,2015-04-26,2015-04-28,2015-04-26,2015-04-28,accepted,
2015-0159-KEN,2015-0159,DFO-4248,DFO:4248|GLIDE:FL-2015-000049,27008,Kenya,Kenya,2015-04-27,2015-05-02,2015-04-27,2015-05-02,accepted,
2015-0185-CHN,2015-0185,DFO-4249,DFO:4249|GLIDE:FL-2015-000057,22048,China,China,2015-05-13,2015-06-01,2015-05-13,2015-06-29,accepted,
2015-0194-TJK,2015-0194,DFO-4256,DFO:4256|GLIDE:FL-2015-000055,22052,Tajikistan,Tajikistan,2015-05-11,2015-05-13,2015-05-11,2015-05-21,accepted,
2015-0203-ROU,2015-0203,DFO-4257,DFO:4257|HANZE:1166,3179,Romania,Romania,2015-05-25,2015-06-02,2015-05-25,2015-06-02,accepted,
2015-0204-CHL,2015-0204,DFO-4255,DFO:4255,27013,Chile,Chile,2015-05-17,2015-05-21,2015-05-17,2015-05-21,accepted,
2015-0205-TZA,2015-0205,DFO-4254,DFO:4254,22042,United Republic of Tanzania,United Republic of Tanzania,2015-05-07,2015-05-21,2015-05-07,2015-05-21,accepted,
2015-0206-NZL,2015-0206,DFO-4253,DFO:4253,14490,New Zealand,New Zealand,2015-05-13,2015-05-21,2015-05-13,2015-05-21,accepted,
2015-0207-IND,2015-0207,DFO-4251,DFO:4251,27014,India,India,2015-05-17,2015-05-21,2015-05-17,2015-05-21,accepted,
2015-0208-BRA,2015-0208,DFO-4246,DFO:4246,22019,Brazil,Brazil,2015-04-01,2015-05-02,2015-04-01,2015-05-02,accepted,
2015-0212-USA,2015-0212,DFO-4252,DFO:4252|GLIDE:FL-2015-000060,27016,United States of America,United States of America,2015-05-23,2015-05-30,2015-05-05,2015-06-29,accepted,
2015-0217-GHA,2015-0217,DFO-4260,DFO:4260|GLIDE:FL-2015-000065,27022,Ghana,Ghana • Togo,2015-06-02,2015-06-15,2015-06-02,2015-06-15,accepted,
2015-0227-GEO,2015-0227,DFO-4261,DFO:4261|GLIDE:FL-2015-000071,27017,Georgia,Georgia,2015-06-07,2015-06-15,2015-06-13,2015-06-15,accepted,
2015-0237-CRI,2015-0237,DFO-4269,DFO:4269|GLIDE:FL-2015-000079,27026,Costa Rica,Costa Rica,2015-06-27,2015-07-09,2015-06-21,2015-06-29,accepted,
2015-0249-IND,2015-0249,DFO-4265,DFO:4265,3152,India,India,2015-06-19,2015-06-20,2015-06-24,2015-06-29,rejected,no_date_overlap
2015-0256-NZL,2015-0256,DFO-4264,DFO:4264,3143,New Zealand,New Zealand,2015-06-22,2015-06-29,2015-06-22,2015-06-29,accepted,
2015-0258-IRN,2015-0258,DFO-4277,DFO:4277|GLIDE:FL-2015-000088,22062,Iran (Islamic Republic of),Iran (Islamic Republic of),2015-07-14,2015-07-21,2015-07-14,2015-07-21,accepted,
2015-0284-PHL,2015-0284,DFO-4278,DFO:4278,27036,Philippines,Philippines,2015-07-12,2015-07-21,2015-07-12,2015-07-21,accepted,
2015-0285-BRA,2015-0285,DFO-4276,DFO:4276|GLIDE:FL-2015-000092,22070,Brazil,Brazil,2015-07-10,2015-07-21,2015-07-10,2015-07-21,accepted,
2015-0286-TJK,2015-0286,DFO-4273,DFO:4273|GLIDE:FL-2015-000094,3138,Tajikistan,Tajikistan,2015-07-15,2015-07-21,2015-07-15,2015-07-21,accepted,
2015-0287-CMR,2015-0287,DFO-4271,DFO:4271|GLIDE:FL-2015-000076,22046,Cameroon,Cameroon,2015-06-22,2015-06-29,2015-06-22,2015-06-29,accepted,
2015-0288-PAK,2015-0288,DFO-4270,DFO:4270,3133,Pakistan,Pakistan,2015-06-25,2015-06-29,2015-06-25,2015-06-29,accepted,
2015-0291-PAK,2015-0291,DFO-4272,DFO:4272|GLIDE:FL-2015-000090,22072,Pakistan,Pakistan,2015-07-15,2015-08-19,2015-07-15,2015-08-19,accepted,
2015-0292-VNM,2015-0292,DFO-4280,DFO:4280|GLIDE:FL-2015-000098,22073,Viet Nam,Viet Nam,2015-07-25,2015-08-05,2015-07-25,2015-08-05,accepted,
2015-0308-MMR,2015-0308,DFO-4283,DFO:4283|GLIDE:FL-2015-000080|GLIDE:FL-2015-000089,27038,Myanmar,Myanmar,2015-07-15,2015-08-19,2015-07-15,2015-08-19,accepted,
2015-0310-PRY,2015-0310,DFO-4281,DFO:4281,22076,Paraguay,Paraguay,2015-07-25,2015-08-05,2015-07-25,2015-08-05,accepted,
2015-0313-GUY,2015-0313,DFO-4275,DFO:4275|GLIDE:FL-2015-000093,27039,Guyana,Guyana,2015-07-15,2015-07-21,2015-07-16,2015-07-21,accepted,
2015-0317-IND,2015-0317,DFO-4282,DFO:4282,3119,India,India,2015-07-15,2015-08-19,2015-07-15,2015-08-19,accepted,
2015-0318-MKD,2015-0318,DFO-4284,DFO:4284|GLIDE:FF-2015-000115|HANZE:2226,22079,North Macedonia,North Macedonia,2015-08-03,2015-08-05,2015-08-03,2015-08-05,accepted,
2015-0349-ARG,2015-0349,DFO-4290,DFO:4290|GLIDE:FL-2015-000110,3094,Argentina,Argentina,2015-08-05,2015-08-12,2015-08-10,2015-08-19,accepted,
2015-0363-URY,2015-0363,DFO-4289,DFO:4289,3080,Uruguay,Uruguay,2015-08-17,2015-08-19,2015-08-17,2015-08-19,accepted,
2015-0368-NER,2015-0368,DFO-4291,DFO:4291|GLIDE:FL-2015-000123,3079,Niger,Niger,2015-07-25,2015-10-01,2015-07-25,2015-08-19,rejected,incomplete_publisher_date
2015-0374-IND,2015-0374,DFO-4288,DFO:4288,27047,India,India,2015-08-13,2015-08-19,2015-08-13,2015-09-11,accepted,
2015-0382-MEX,2015-0382,DFO-4229,DFO:4229,14517,Mexico,Mexico,2015-03-13,2015-03-23,2015-03-13,2015-03-23,accepted,
2015-0383-BOL,2015-0383,DFO-4225,DFO:4225,22085,Bolivia (Plurinational State of),Bolivia (Plurinational State of) • Peru,2015-02-20,2015-02-24,2015-02-20,2015-02-24,accepted,
2015-0448-NGA,2015-0448,DFO-4294,DFO:4294,14529,Nigeria,Nigeria,2015-09-05,2015-09-24,2015-08-30,2015-09-11,accepted,
2015-0451-FRA,2015-0451,DFO-4296,DFO:4296|GLIDE:FL-2015-000140|HANZE:273,3040,France,France,2015-10-03,2015-10-04,2015-10-03,2015-10-07,accepted,
2015-0460-LAO,2015-0460,DFO-4293,DFO:4293,22099,Lao People's Democratic Republic,Viet Nam • Lao People's Democratic Republic,2015-09-07,2015-09-11,2015-09-07,2015-09-11,accepted,
2015-0460-VNM,2015-0460,DFO-4293,DFO:4293,22101,Viet Nam,Viet Nam • Lao People's Democratic Republic,2015-09-07,2015-09-11,2015-09-07,2015-09-11,accepted,
2015-0482-DZA,2015-0482,DFO-4303,DFO:4303|GLIDE:FL-2015-000146,14541,Algeria,Algeria,2015-10-16,2015-10-28,2015-10-16,2015-10-28,accepted,
2015-0498-URY,2015-0498,DFO-4301,DFO:4301,2992,Uruguay,Uruguay,2015-10-14,2015-10-28,2015-10-14,2015-10-28,accepted,
2015-0504-IND,2015-0504,DFO-4309,DFO:4309|GLIDE:TC-2015-000163,22115,India,India,2015-11-08,2015-12-04,2015-11-10,2015-12-04,accepted,
2015-0542-ALB,2015-0542,DFO-4313,DFO:4313|HANZE:2037,27076,Albania,Albania,2015-11-21,2015-11-27,2015-11-21,2015-12-04,accepted,
2015-0551-ARG,2015-0551,DFO-4315,DFO:4315|GLIDE:FL-2015-000171|GLIDE:FL-2016-000003,27079,Argentina,Paraguay • Uruguay,2015-12-20,2016-01-11,2015-12-01,2016-01-29,rejected,country_mismatch
2015-0551-BRA,2015-0551,DFO-4315,DFO:4315|GLIDE:FL-2015-000171|GLIDE:FL-2016-000003,22112,Brazil,Paraguay • Uruguay,2015-12-20,2015-12-26,2015-12-01,2016-01-29,rejected,country_mismatch
2015-0551-PRY,2015-0551,DFO-4315,DFO:4315|GLIDE:FL-2015-000171|GLIDE:FL-2016-000003,22131,Paraguay,Paraguay • Uruguay,2015-11-01,2016-01-27,2015-12-01,2016-01-29,rejected,incomplete_publisher_date
2015-0551-URY,2015-0551,DFO-4315,DFO:4315|GLIDE:FL-2015-000171|GLIDE:FL-2016-000003,14553,Uruguay,Paraguay • Uruguay,2015-12-20,2015-12-26,2015-12-01,2016-01-29,accepted,
2015-0564-KEN,2015-0564,DFO-4317,DFO:4317|GLIDE:FL-2015-000169,22133,Kenya,Kenya,2015-12-01,2016-01-06,2015-12-01,2016-01-06,accepted,
2015-0565-USA,2015-0565,DFO-4314,DFO:4314,14561,United States of America,United States of America,2015-12-15,2016-01-06,2015-12-15,2016-01-29,accepted,
2016-0028-TZA,2016-0028,DFO-4324,DFO:4324|GLIDE:FL-2016-000011,22158,United Republic of Tanzania,United Republic of Tanzania,2016-01-17,2016-01-18,2016-01-14,2016-01-29,accepted,
2016-0032-ECU,2016-0032,DFO-4326,DFO:4326,2895,Ecuador,Ecuador • Colombia,2016-01-01,2016-01-25,2016-01-19,2016-01-29,accepted,
2016-0033-BRA,2016-0033,DFO-4325,DFO:4325,14587,Brazil,Brazil,2016-01-09,2016-01-15,2016-01-05,2016-01-29,accepted,
2016-0040-IDN,2016-0040,DFO-4330,DFO:4330|GLIDE:FL-2016-000009,14588,Indonesia,Indonesia • Malaysia,2016-02-07,2016-02-12,2016-01-18,2016-03-10,accepted,
2016-0095-CHN,2016-0095,DFO-4338,DFO:4338,2868,China,China,2016-03-19,2016-03-22,2016-03-19,2016-03-25,accepted,
2016-0096-NZL,2016-0096,DFO-4342,DFO:4342,22172,New Zealand,New Zealand,2016-03-23,2016-03-24,2016-03-23,2016-03-25,accepted,
2016-0101-ETH,2016-0101,DFO-4343,DFO:4343|GLIDE:FL-2016-000045,14598,Ethiopia,Ethiopia,2016-04-02,2016-04-07,2016-04-04,2016-04-13,accepted,
2016-0112-AFG,2016-0112,DFO-4339,DFO:4339|GLIDE:FL-2016-000021,22176,Afghanistan,Pakistan,2016-04-02,2016-04-08,2016-03-12,2016-04-13,rejected,country_mismatch
2016-0112-PAK,2016-0112,DFO-4339,DFO:4339|GLIDE:FL-2016-000021,27128,Pakistan,Pakistan,2016-04-02,2016-04-08,2016-03-12,2016-04-13,accepted,
2016-0115-URY,2016-0115,DFO-4350,DFO:4350|GLIDE:FL-2016-000041,14600,Uruguay,Uruguay,2016-04-12,2016-05-11,2016-04-12,2016-05-11,accepted,
2016-0128-RUS,2016-0128,DFO-4349,DFO:4349,2843,Russian Federation,Russian Federation,2016-04-16,2016-04-22,2016-04-15,2016-04-22,accepted,
2016-0129-MWI,2016-0129,DFO-4344,DFO:4344|DFO:4345,14607,Malawi,Malawi,2016-04-06,2016-04-11,2016-04-06,2016-04-13,accepted,
2016-0129-MWI,2016-0129,DFO-4345,DFO:4344|DFO:4345,14607,Malawi,Somalia,2016-04-06,2016-04-11,2016-04-06,2016-04-13,rejected,country_mismatch
2016-0129-SOM,2016-0129,DFO-4344,DFO:4344|DFO:4345,27111,Somalia,Malawi,2016-04-06,2016-04-11,2016-04-06,2016-04-13,rejected,country_mismatch
2016-0129-SOM,2016-0129,DFO-4345,DFO:4344|DFO:4345,27111,Somalia,Somalia,2016-04-06,2016-04-11,2016-04-06,2016-04-13,accepted,
2016-0131-AGO,2016-0131,DFO-4351,DFO:4351,2840,Angola,Angola,2016-04-16,2016-04-22,2016-04-19,2016-04-22,accepted,
2016-0139-IND,2016-0139,DFO-4355,DFO:4355,14611,India,India • Bangladesh,2016-04-22,2016-04-25,2016-04-20,2016-05-01,accepted,
2016-0179-AUT,2016-0179,DFO-4360,DFO:4360|DFO:4366|HANZE:1167|HANZE:274|HANZE:2841|HANZE:357|HANZE:41,22168,Austria,Germany,2016-06-01,2016-06-01,2016-05-27,2016-05-30,rejected,country_mismatch;no_date_overlap
2016-0179-AUT,2016-0179,DFO-4366,DFO:4360|DFO:4366|HANZE:1167|HANZE:274|HANZE:2841|HANZE:357|HANZE:41,22168,Austria,France,2016-06-01,2016-06-01,2016-06-01,2016-06-21,rejected,country_mismatch
2016-0179-BEL,2016-0179,DFO-4360,DFO:4360|DFO:4366|HANZE:1167|HANZE:274|HANZE:2841|HANZE:357|HANZE:41,22192,Belgium,Germany,2016-06-02,2016-06-08,2016-05-27,2016-05-30,rejected,country_mismatch;no_date_overlap
2016-0179-BEL,2016-0179,DFO-4366,DFO:4360|DFO:4366|HANZE:1167|HANZE:274|HANZE:2841|HANZE:357|HANZE:41,22192,Belgium,France,2016-06-02,2016-06-08,2016-06-01,2016-06-21,rejected,country_mismatch
2016-0179-DEU,2016-0179,DFO-4360,DFO:4360|DFO:4366|HANZE:1167|HANZE:274|HANZE:2841|HANZE:357|HANZE:41,27137,Germany,Germany,2016-05-27,2016-06-07,2016-05-27,2016-05-30,accepted,
2016-0179-DEU,2016-0179,DFO-4366,DFO:4360|DFO:4366|HANZE:1167|HANZE:274|HANZE:2841|HANZE:357|HANZE:41,27137,Germany,France,2016-05-27,2016-06-07,2016-06-01,2016-06-21,rejected,country_mismatch
2016-0179-FRA,2016-0179,DFO-4360,DFO:4360|DFO:4366|HANZE:1167|HANZE:274|HANZE:2841|HANZE:357|HANZE:41,22193,France,Germany,2016-05-28,2016-06-21,2016-05-27,2016-05-30,rejected,country_mismatch
2016-0179-FRA,2016-0179,DFO-4366,DFO:4360|DFO:4366|HANZE:1167|HANZE:274|HANZE:2841|HANZE:357|HANZE:41,22193,France,France,2016-05-28,2016-06-21,2016-06-01,2016-06-21,accepted,
2016-0179-POL,2016-0179,DFO-4360,DFO:4360|DFO:4366|HANZE:1167|HANZE:274|HANZE:2841|HANZE:357|HANZE:41,14620,Poland,Germany,2016-05-28,2016-05-28,2016-05-27,2016-05-30,rejected,country_mismatch
2016-0179-POL,2016-0179,DFO-4366,DFO:4360|DFO:4366|HANZE:1167|HANZE:274|HANZE:2841|HANZE:357|HANZE:41,14620,Poland,France,2016-05-28,2016-05-28,2016-06-01,2016-06-21,rejected,country_mismatch;no_date_overlap
2016-0179-ROU,2016-0179,DFO-4360,DFO:4360|DFO:4366|HANZE:1167|HANZE:274|HANZE:2841|HANZE:357|HANZE:41,22194,Romania,Germany,2016-06-02,2016-06-03,2016-05-27,2016-05-30,rejected,country_mismatch;no_date_overlap
2016-0179-ROU,2016-0179,DFO-4366,DFO:4360|DFO:4366|HANZE:1167|HANZE:274|HANZE:2841|HANZE:357|HANZE:41,22194,Romania,France,2016-06-02,2016-06-03,2016-06-01,2016-06-21,rejected,country_mismatch
2016-0183-USA,2016-0183,DFO-4359,DFO:4359|GLIDE:FL-2016-000056,14621,United States of America,United States of America,2016-05-27,2016-06-02,2016-05-26,2016-06-24,accepted,
2016-0184-DOM,2016-0184,DFO-4354,DFO:4354,14622,Dominican Republic,Dominican Republic • Haiti,2016-05-07,2016-05-08,2016-05-08,2016-05-11,accepted,
2016-0184-HTI,2016-0184,DFO-4354,DFO:4354,27147,Haiti,Dominican Republic • Haiti,2016-05-07,2016-05-08,2016-05-08,2016-05-11,accepted,
2016-0212-GHA,2016-0212,DFO-4361,DFO:4361,22201,Ghana,Ghana,2016-06-10,2016-06-14,2016-06-12,2016-06-21,accepted,
2016-0221-JPN,2016-0221,DFO-4363,DFO:4363|GLIDE:FL-2016-000063,14630,Japan,Japan,2016-06-20,2016-06-23,2016-06-20,2016-06-21,accepted,
2016-0232-MMR,2016-0232,DFO-4365,DFO:4365|GLIDE:FL-2016-000058,22204,Myanmar,Myanmar,2016-06-01,2016-06-24,2016-06-01,2016-08-16,accepted,
2016-0236-CHN,2016-0236,DFO-4356,DFO:4356|GLIDE:FL-2016-000044,27163,China,China,2016-06-18,2016-06-23,2016-05-08,2016-06-21,accepted,
2016-0239-IND,2016-0239,DFO-4371,DFO:4371,2801,India,India,2016-06-25,2016-07-01,2016-06-29,2016-08-26,accepted,
2016-0240-PAK,2016-0240,DFO-4372,DFO:4372|GLIDE:FL-2016-000066,27165,Pakistan,Pakistan,2016-07-03,2016-07-06,2016-07-03,2016-07-06,accepted,
2016-0241-CHN,2016-0241,DFO-4370,DFO:4370,27170,China,China,2016-06-28,2016-07-13,2016-06-28,2016-08-03,accepted,
2016-0243-CAN,2016-0243,DFO-4362,DFO:4362,14633,Canada,Canada,2016-06-14,2016-06-21,2016-06-14,2016-06-21,accepted,
2016-0244-TZA,2016-0244,DFO-4357,DFO:4357,27171,United Republic of Tanzania,United Republic of Tanzania,2016-04-22,2016-04-24,2016-04-22,2016-05-30,accepted,
2016-0246-BOL,2016-0246,DFO-4335,DFO:4335,22206,Bolivia (Plurinational State of),Bolivia (Plurinational State of),2016-02-28,2016-03-03,2016-02-28,2016-03-10,accepted,
2016-0247-AGO,2016-0247,DFO-4333,DFO:4333,27172,Angola,Angola,2016-03-01,2016-03-10,2016-03-01,2016-03-10,accepted,
2016-0248-MOZ,2016-0248,DFO-4321,DFO:4321,2798,Mozambique,Mozambique,2016-01-05,2016-01-29,2016-01-05,2016-01-29,accepted,
2016-0269-NER,2016-0269,DFO-4380,DFO:4380,27179,Niger,Niger • Senegal,2016-06-01,2016-09-07,2016-06-15,2016-08-26,accepted,
2016-0271-IND,2016-0271,DFO-4384,DFO:4384,2788,India,India,2016-07-15,2016-09-12,2016-07-15,2016-09-22,accepted,
2016-0274-SDN,2016-0274,DFO-4374,DFO:4374|GLIDE:FL-2016-000072,22216,Sudan,Sudan,2016-06-01,2016-09-08,2016-07-11,2016-08-26,rejected,incomplete_publisher_date
2016-0276-IND,2016-0276,DFO-4378,DFO:4378,14640,India,India,2016-07-09,2016-08-22,2016-07-07,2016-08-03,accepted,
2016-0288-BGD,2016-0288,DFO-4382,DFO:4382|GLIDE:FL-2016-000075,27183,Bangladesh,Bangladesh,2016-07-19,2016-08-02,2016-07-25,2016-08-26,accepted,
2016-0292-USA,2016-0292,DFO-4388,DFO:4388|GLIDE:FL-2016-000145,22225,United States of America,United States of America,2016-08-09,2016-08-16,2016-08-14,2016-08-26,accepted,
2016-0304-IND,2016-0304,DFO-4383,DFO:4383,14645,India,India,2016-08-01,2016-08-03,2016-08-01,2016-08-03,accepted,
2016-0306-IDN,2016-0306,DFO-4377,DFO:4377,27187,Indonesia,Indonesia,2016-07-11,2016-07-19,2016-07-11,2016-07-19,accepted,
2016-0307-MYS,2016-0307,DFO-4376,DFO:4376,27188,Malaysia,Malaysia,2016-07-18,2016-07-19,2016-07-18,2016-07-19,accepted,
2016-0332-MEX,2016-0332,DFO-4392,DFO:4392,2755,Mexico,Mexico,2016-09-14,2016-09-22,2016-09-14,2016-09-22,accepted,
2016-0333-MEX,2016-0333,DFO-4401,DFO:4401,2754,Mexico,Mexico,2016-09-29,2016-10-05,2016-09-29,2016-10-05,accepted,
2016-0334-GRC,2016-0334,DFO-4398,DFO:4398|HANZE:404,2753,Greece,Greece,2016-09-06,2016-09-07,2016-09-05,2016-09-08,accepted,
2016-0345-IDN,2016-0345,DFO-4394,DFO:4394|GLIDE:FL-2016-000103,22237,Indonesia,Indonesia,2016-09-20,2016-09-22,2016-09-20,2016-09-22,accepted,
2016-0360-THA,2016-0360,DFO-4403,DFO:4403,27205,Thailand,Thailand,2016-10-06,2016-10-16,2016-10-06,2016-10-16,accepted,
2016-0391-IND,2016-0391,DFO-4405,DFO:4405,14666,India,India,2016-09-21,2016-09-29,2016-09-21,2016-10-16,accepted,
2016-0400-VNM,2016-0400,DFO-4410,DFO:4410|GLIDE:TC-2016-000111,14670,Viet Nam,Viet Nam,2016-10-09,2016-10-16,2016-10-09,2016-11-10,accepted,
2016-0418-HTI,2016-0418,DFO-4415,DFO:4415,14677,Haiti,Haiti,2016-11-05,2016-11-10,2016-11-05,2016-11-10,accepted,
2016-0420-ALB,2016-0420,DFO-4417,DFO:4417|GLIDE:FL-2016-000117|HANZE:20016|HANZE:2040,22247,Albania,Albania • Montenegro,2016-11-07,2016-11-10,2016-11-07,2016-11-10,accepted,
2016-0423-DOM,2016-0423,DFO-4416,DFO:4416|GLIDE:FL-2016-000123,27216,Dominican Republic,Dominican Republic,2016-11-07,2016-11-10,2016-11-07,2016-11-10,accepted,
2016-0424-MEX,2016-0424,DFO-4414,DFO:4414,2700,Mexico,Mexico,2016-11-03,2016-11-10,2016-11-03,2016-11-10,accepted,
2016-0425-IDN,2016-0425,DFO-4413,DFO:4413,27193,Indonesia,Indonesia,2016-10-23,2016-11-10,2016-10-23,2016-11-10,accepted,
2016-0426-ROU,2016-0426,DFO-4408,DFO:4408|HANZE:1168,27217,Romania,Romania • Albania,2016-10-11,2016-10-16,2016-10-09,2016-10-16,accepted,
2016-0427-UKR,2016-0427,DFO-4406,DFO:4406,27218,Ukraine,Ukraine,2016-10-12,2016-10-16,2016-10-12,2016-10-16,accepted,
2016-0428-AUS,2016-0428,DFO-4399,DFO:4399,27219,Australia,Australia,2016-09-10,2016-09-22,2016-09-10,2016-09-22,accepted,
2016-0472-THA,2016-0472,DFO-4423,DFO:4423,14691,Thailand,Thailand,2016-12-01,2016-12-10,2016-12-01,2016-12-07,accepted,
2016-0489-MYS,2016-0489,DFO-4424,DFO:4424,27230,Malaysia,Malaysia,2016-11-28,2016-12-07,2016-11-28,2016-12-07,accepted,
2016-0497-VNM,2016-0497,DFO-4429,DFO:4429|GLIDE:FL-2016-000133-VNM,22262,Viet Nam,Viet Nam,2016-12-12,2016-12-20,2016-12-13,2017-01-02,accepted,
2016-0516-MYS,2016-0516,DFO-4431,DFO:4431|GLIDE:FL-2017-000002,22269,Malaysia,Malaysia,2016-12-26,2017-01-23,2016-12-31,2017-01-05,accepted,
2017-0006-THA,2017-0006,DFO-4432,DFO:4432|GLIDE:FL-2017-000004,22290,Thailand,Thailand,2017-01-01,2017-01-31,2016-12-31,2017-02-07,accepted,
2017-0224-MYS,2017-0224,DFO-4443,DFO:4443,2519,Malaysia,Malaysia,2017-01-23,2017-02-07,2017-01-23,2017-02-07,accepted,
2017-0225-COL,2017-0225,DFO-4442,DFO:4442,2518,Colombia,Colombia,2017-01-05,2017-02-07,2017-01-05,2017-02-07,accepted,
2017-0226-PHL,2017-0226,DFO-4440,DFO:4440|GLIDE:FL-2017-000010,2516,Philippines,Philippines,2017-02-01,2017-02-07,2017-02-01,2017-02-07,accepted,
2017-0320-FRA,2017-0320,DFO-4491,DFO:4491|HANZE:2103,2440,France,France,2017-06-13,2017-06-14,2017-06-13,2017-06-15,accepted,
2017-0321-NPL,2017-0321,DFO-4490,DFO:4490,22354,Nepal,Nepal,2017-06-30,2017-07-03,2017-06-30,2017-07-03,accepted,
2017-0370-NER,2017-0370,DFO-4519,DFO:4519|GLIDE:FL-2017-000078,14792,Niger,Niger,2017-08-26,2017-09-15,2017-08-26,2017-09-15,accepted,
2017-0373-IRL,2017-0373,DFO-4513,DFO:4513|HANZE:2151,27276,Ireland,United Kingdom of Great Britain and Northern Ireland • Ireland,2017-08-22,2017-08-26,2017-08-22,2017-08-26,accepted,
2017-0378-NGA,2017-0378,DFO-4517,DFO:4517|GLIDE:FL-2017-000126,27328,Nigeria,Nigeria,2017-08-15,2017-09-19,2017-09-01,2017-09-19,accepted,
2017-0384-CAF,2017-0384,DFO-4792,DFO:4792|GLIDE:FL-2017-000134,2430,Central African Republic,Central African Republic,2017-08-23,2017-08-31,2019-08-19,2019-08-22,rejected,no_date_overlap
2017-0398-CHN,2017-0398,DFO-4526,DFO:4526,22375,China,China,2017-09-24,2017-10-07,2017-09-24,2017-10-07,accepted,
2017-0444-GRC,2017-0444,DFO-4540,DFO:4540|GLIDE:FL-2017-000168|HANZE:2135,2387,Greece,Greece,2017-11-14,2017-11-15,2017-11-14,2017-11-15,accepted,
2017-0465-THA,2017-0465,DFO-4529,DFO:4529,2368,Thailand,Thailand,2017-10-10,2017-11-08,2017-10-15,2017-11-08,accepted,
2017-0477-MYS,2017-0477,DFO-4534,DFO:4534|GLIDE:FL-2017-000166,27367,Malaysia,Malaysia,2017-11-03,2017-11-08,2017-11-03,2017-11-08,accepted,
2017-0490-GBR,2017-0490,DFO-4543,DFO:4543,14791,United Kingdom of Great Britain and Northern Ireland,United Kingdom of Great Britain and Northern Ireland • Ireland,2017-11-22,2017-11-26,2017-11-22,2017-11-26,accepted,
2017-0490-IRL,2017-0490,DFO-4543,DFO:4543,22400,Ireland,United Kingdom of Great Britain and Northern Ireland • Ireland,2017-11-22,2017-11-23,2017-11-22,2017-11-26,accepted,
2017-0491-SAU,2017-0491,DFO-4542,DFO:4542,2365,Saudi Arabia,Saudi Arabia,2017-11-21,2017-11-22,2017-11-21,2017-11-22,accepted,
2017-0492-VNM,2017-0492,DFO-4541,DFO:4541,14828,Viet Nam,Viet Nam,2017-11-19,2017-11-24,2017-11-19,2017-11-24,accepted,
2017-0493-LKA,2017-0493,DFO-4539,DFO:4539,22402,Sri Lanka,Sri Lanka,2017-11-03,2017-11-13,2017-11-03,2017-11-13,accepted,
2017-0494-IDN,2017-0494,DFO-4538,DFO:4538,14829,Indonesia,Indonesia,2017-11-03,2017-11-17,2017-11-03,2017-11-11,accepted,
2017-0495-IND,2017-0495,DFO-4532,DFO:4532,14830,India,India,2017-10-30,2017-11-08,2017-10-30,2017-11-08,accepted,
2017-0497-PHL,2017-0497,DFO-4527,DFO:4527,22403,Philippines,Philippines,2017-09-22,2017-09-24,2017-09-22,2017-09-24,accepted,
2017-0498-MEX,2017-0498,DFO-4525,DFO:4525,27374,Mexico,Mexico,2017-09-26,2017-10-07,2017-09-26,2017-10-07,accepted,
2017-0504-ALB,2017-0504,DFO-4548,DFO:4548|GLIDE:FL-2017-000174|HANZE:2041,22404,Albania,Albania,2017-11-30,2017-12-04,2017-11-30,2017-12-04,accepted,
2017-0544-ITA,2017-0544,DFO-4551,DFO:4551|HANZE:2168,27383,Italy,Italy,2017-12-11,2017-12-12,2017-12-12,2017-12-13,accepted,
2017-0548-ARE,2017-0548,DFO-4554,DFO:4554,27385,United Arab Emirates,Oman • United Arab Emirates,2017-12-16,2017-12-16,2017-12-16,2017-12-17,accepted,
2017-0548-OMN,2017-0548,DFO-4554,DFO:4554,22416,Oman,Oman • United Arab Emirates,2017-12-16,2017-12-17,2017-12-16,2017-12-17,accepted,
2018-0005-COD,2018-0005,DFO-4556,DFO:4556|GLIDE:FL-2018-000004,22429,Democratic Republic of the Congo,Democratic Republic of the Congo • Congo,2018-01-03,2018-01-07,2018-01-03,2018-01-05,accepted,
2018-0037-FRA,2018-0037,DFO-4566,DFO:4566|HANZE:2104,27412,France,France,2018-01-21,2018-02-01,2018-01-24,2018-01-29,accepted,
2018-0038-ARG,2018-0038,DFO-4569,DFO:4569,2308,Argentina,Argentina,2018-01-31,2018-02-21,2018-02-01,2018-02-21,accepted,
2018-0040-BRA,2018-0040,DFO-4576,DFO:4576,14777,Brazil,Brazil,2018-02-14,2018-02-16,2018-02-14,2018-02-16,accepted,
2018-0062-BOL,2018-0062,DFO-4577,DFO:4577|GLIDE:FL-2018-000015,27423,Bolivia (Plurinational State of),Bolivia (Plurinational State of),2018-02-10,2018-02-21,2018-02-10,2018-02-21,accepted,
2018-0063-MYS,2018-0063,DFO-4567,DFO:4567,2292,Malaysia,Malaysia,2018-02-03,2018-02-12,2018-02-03,2018-02-12,accepted,
2018-0064-MWI,2018-0064,DFO-4570,DFO:4570,22441,Malawi,Malawi,2018-02-01,2018-02-14,2018-02-01,2018-02-14,accepted,
2018-0065-BDI,2018-0065,DFO-4565,DFO:4565,14858,Burundi,Burundi,2018-01-14,2018-01-24,2018-01-14,2018-01-24,accepted,
2018-0066-PRY,2018-0066,DFO-4562,DFO:4562,22442,Paraguay,Paraguay,2018-01-13,2018-01-22,2018-01-13,2018-01-22,accepted,
2018-0068-MYS,2018-0068,DFO-4558,DFO:4558,14859,Malaysia,Malaysia,2018-01-01,2018-01-05,2018-01-01,2018-01-05,accepted,
2018-0112-BRA,2018-0112,DFO-4591,DFO:4591,27309,Brazil,Brazil,2018-03-20,2018-03-21,2018-03-20,2018-03-22,accepted,
2018-0113-RUS,2018-0113,DFO-4596,DFO:4596|GLIDE:FL-2018-000046,22455,Russian Federation,Russian Federation,2018-03-25,2018-04-16,2018-03-26,2018-03-31,accepted,
2018-0123-AUS,2018-0123,DFO-4579,DFO:4579,14873,Australia,Australia,2018-03-09,2018-03-11,2018-03-05,2018-03-26,accepted,
2018-0125-TZA,2018-0125,DFO-4598,DFO:4598|GLIDE:FL-2018-000043,2269,United Republic of Tanzania,United Republic of Tanzania,2018-04-14,2018-04-18,2018-04-14,2018-04-17,accepted,
2018-0128-ISR,2018-0128,DFO-4608,DFO:4608,27341,Israel,Israel • Egypt,2018-04-24,2018-04-27,2018-04-24,2018-04-27,accepted,
2018-0135-RWA,2018-0135,DFO-4603,DFO:4603,27427,Rwanda,Rwanda,2018-04-23,2018-04-24,2018-04-23,2018-04-25,accepted,
2018-0156-AFG,2018-0156,DFO-4621,DFO:4621,2256,Afghanistan,Afghanistan,2018-05-09,2018-05-22,2018-05-09,2018-05-22,accepted,
2018-0157-GTM,2018-0157,DFO-4620,DFO:4620,2255,Guatemala,Guatemala,2018-05-18,2018-05-22,2018-05-18,2018-05-22,accepted,
2018-0158-BGD,2018-0158,DFO-4617,DFO:4617,27432,Bangladesh,Bangladesh,2018-05-20,2018-05-22,2018-05-20,2018-05-22,accepted,
2018-0159-CHN,2018-0159,DFO-4613,DFO:4613,14560,China,China,2018-05-07,2018-05-16,2018-05-12,2018-05-14,accepted,
2018-0160-CAN,2018-0160,DFO-4612,DFO:4612,27433,Canada,Canada • United States of America,2018-05-10,2018-05-14,2018-05-10,2018-05-14,accepted,
2018-0162-DZA,2018-0162,DFO-4604,DFO:4604,27434,Algeria,Algeria,2018-04-24,2018-04-28,2018-04-24,2018-04-28,accepted,
2018-0163-BDI,2018-0163,DFO-4602,DFO:4602,27435,Burundi,Burundi,2018-04-28,2018-05-01,2018-04-28,2018-05-01,accepted,
2018-0164-MWI,2018-0164,DFO-4599,DFO:4599,2252,Malawi,Malawi,2018-04-11,2018-04-17,2018-04-11,2018-04-17,accepted,
2018-0165-ROU,2018-0165,DFO-4587,DFO:4587|HANZE:2241,27436,Romania,Romania,2018-03-14,2018-03-16,2018-03-14,2018-03-16,accepted,
2018-0166-IDN,2018-0166,DFO-4584,DFO:4584,14880,Indonesia,Indonesia,2018-03-05,2018-03-06,2018-03-05,2018-03-06,accepted,
2018-0167-KAZ,2018-0167,DFO-4578,DFO:4578,27437,Kazakhstan,Kazakhstan,2018-03-09,2018-03-14,2018-03-09,2018-03-14,accepted,
2018-0218-DOM,2018-0218,DFO-4647,DFO:4647,27447,Dominican Republic,Dominican Republic,2018-07-09,2018-07-11,2018-07-09,2018-07-11,accepted,
2018-0218-PRI,2018-0218,DFO-4647,DFO:4647,22488,Puerto Rico,Dominican Republic,2018-07-09,2018-07-11,2018-07-09,2018-07-11,rejected,country_mismatch
2018-0219-NPL,2018-0219,DFO-4646,DFO:4646,14890,Nepal,Nepal,2018-07-01,2018-07-11,2018-07-01,2018-07-11,accepted,
2018-0220-BGR,2018-0220,DFO-4642,DFO:4642|HANZE:2065,22489,Bulgaria,Bulgaria • Romania,2018-06-27,2018-07-02,2018-06-28,2018-07-02,accepted,
2018-0221-SDN,2018-0221,DFO-4639,DFO:4639,14891,Sudan,Sudan,2018-06-18,2018-06-27,2018-06-18,2018-06-27,accepted,
2018-0255-MMR,2018-0255,DFO-4666,DFO:4666|GLIDE:FL-2018-000124,27463,Myanmar,Myanmar,2018-07-15,2018-08-10,2018-07-15,2018-08-10,accepted,
2018-0329-PRK,2018-0329,DFO-5674,DFO:5674|GLIDE:FL-2018-000144,14905,Democratic People's Republic of Korea,,2018-08-24,2018-09-06,,,rejected,missing_target
2018-0361-ESP,2018-0361,DFO-4688,DFO:4688|HANZE:2321,2161,Spain,Spain,2018-10-09,2018-10-11,2018-10-09,2018-10-11,accepted,
2018-0365-NGA,2018-0365,DFO-4667,DFO:4667,22522,Nigeria,Nigeria,2018-09-20,2018-10-02,2018-08-20,2018-10-02,accepted,
2018-0368-GHA,2018-0368,DFO-4683,DFO:4683|GLIDE:FL-2018-000154,14928,Ghana,Ghana,2018-08-31,2018-10-02,2018-09-01,2018-10-02,accepted,
2018-0383-IRN,2018-0383,DFO-4690,DFO:4690,2141,Iran (Islamic Republic of),Iran (Islamic Republic of),2018-10-05,2018-10-06,2018-10-05,2018-10-06,accepted,
2018-0384-LKA,2018-0384,DFO-4689,DFO:4689,27491,Sri Lanka,Sri Lanka,2018-10-06,2018-10-12,2018-10-02,2018-10-04,rejected,no_date_overlap
2018-0386-VEN,2018-0386,DFO-4677,DFO:4677,22526,Venezuela (Bolivarian Republic of),Venezuela (Bolivarian Republic of),2018-09-25,2018-09-28,2018-09-25,2018-09-28,accepted,
2018-0387-SDN,2018-0387,DFO-4668,DFO:4668,27492,Sudan,Sudan,2018-08-01,2018-09-04,2018-08-01,2018-09-04,accepted,
2019-0033-SAU,2019-0033,DFO-4717,DFO:4717,27522,Saudi Arabia,Saudi Arabia,2019-01-27,2019-01-30,2019-01-26,2019-01-29,accepted,
2019-0082-AFG,2019-0082,DFO-4729,DFO:4729,14975,Afghanistan,Afghanistan • Pakistan,2019-03-02,2019-03-01,2019-02-26,2019-03-02,rejected,incomplete_publisher_date;invalid_interval
2019-0082-IRN,2019-0082,DFO-4729,DFO:4729,22586,Iran (Islamic Republic of),Afghanistan • Pakistan,2019-03-09,2019-03-10,2019-02-26,2019-03-02,rejected,country_mismatch;no_date_overlap
2019-0082-PAK,2019-0082,DFO-4729,DFO:4729,27534,Pakistan,Afghanistan • Pakistan,2019-02-20,2019-03-01,2019-02-26,2019-03-02,rejected,incomplete_publisher_date
2019-0090-USA,2019-0090,DFO-4727,DFO:4727,27100,United States of America,United States of America,2019-02-26,2019-03-04,2019-02-25,2019-03-04,accepted,
2019-0091-CHL,2019-0091,DFO-4726,DFO:4726,22588,Chile,Chile • Peru,2019-02-01,2019-02-10,2019-01-26,2019-02-19,accepted,
2019-0094-ZWE,2019-0094,DFO-4724,DFO:4724,2057,Zimbabwe,Zimbabwe,2019-02-11,2019-02-18,2019-02-12,2019-02-18,accepted,
2019-0101-MWI,2019-0101,DFO-4725,DFO:4725,22589,Malawi,Malawi • Mozambique,2019-03-04,2019-03-10,2019-02-11,2019-03-27,accepted,
2019-0289-JPN,2019-0289,DFO-4776,DFO:4776,1958,Japan,Japan,2019-06-29,2019-07-04,2019-06-28,2019-07-10,accepted,
2019-0294-RUS,2019-0294,DFO-4777,DFO:4777,27578,Russian Federation,Russian Federation,2019-06-28,2019-07-03,2019-06-25,2019-07-10,accepted,
2019-0392-SDN,2019-0392,DFO-4786,DFO:4786,1895,Sudan,Sudan,2019-07-01,2019-09-06,2019-08-07,2019-08-29,rejected,incomplete_publisher_date
2019-0409-JPN,2019-0409,DFO-4789,DFO:4789|GLIDE:FL-2019-000097,27601,Japan,Japan,2019-08-27,2019-08-29,2019-08-28,2019-08-29,accepted,
2019-0413-ESP,2019-0413,DFO-4796,DFO:4796|HANZE:2326,27603,Spain,Spain,2019-09-11,2019-09-14,2019-09-12,2019-09-14,accepted,
2019-0461-YEM,2019-0461,DFO-4778,DFO:4778,22661,Yemen,Yemen,2019-07-31,2019-08-06,2019-07-30,2019-08-09,accepted,
2019-0516-JPN,2019-0516,DFO-4823,DFO:4823,22670,Japan,Japan,2019-10-25,2019-10-26,2019-10-25,2019-10-31,accepted,
2019-0578-MYS,2019-0578,DFO-4833,DFO:4833|GLIDE:FL-2019-000162,15090,Malaysia,Malaysia,2019-11-30,2019-12-06,2019-11-30,2019-12-06,accepted,
2019-0580-BRA,2019-0580,DFO-4835,DFO:4835,15091,Brazil,Brazil,2019-11-25,2019-11-27,2019-11-25,2019-11-27,accepted,
2019-0596-MEX,2019-0596,DFO-4834,DFO:4834,23157,Mexico,Mexico • United States of America,2019-11-27,2019-12-04,2019-11-27,2019-12-04,accepted,
2019-0608-URY,2019-0608,DFO-4812,DFO:4812,22688,Uruguay,Uruguay,2019-10-12,2019-10-18,2019-10-12,2019-10-18,accepted,
2019-0609-VEN,2019-0609,DFO-4809,DFO:4809,1756,Venezuela (Bolivarian Republic of),Venezuela (Bolivarian Republic of),2019-10-05,2019-10-15,2019-10-05,2019-10-15,accepted,
2019-0629-LKA,2019-0629,DFO-4861,DFO:4861|GLIDE:FL-2019-000171,23164,Sri Lanka,Sri Lanka,2019-12-18,2019-12-23,2019-12-20,2019-12-27,accepted,
2019-0632-IDN,2019-0632,DFO-4860,DFO:4860|GLIDE:FL-2019-000182,15109,Indonesia,Indonesia,2019-12-31,2020-01-03,2019-12-28,2019-12-30,rejected,no_date_overlap
2019-0633-MOZ,2019-0633,DFO-4863,DFO:4863|GLIDE:FL-2020-000011,22695,Mozambique,Mozambique,2019-12-27,2020-01-23,2020-01-17,2020-01-22,accepted,
2019-0647-PER,2019-0647,DFO-4853,DFO:4853,1723,Peru,Peru,2019-12-15,2020-01-10,2019-12-15,2019-12-31,accepted,
2019-0664-COG,2019-0664,DFO-4846,DFO:4846,1720,Congo,Congo • Democratic Republic of the Congo,2019-12-01,2020-03-01,2019-11-01,2020-01-09,rejected,incomplete_publisher_date
2019-0666-AGO,2019-0666,DFO-4838,DFO:4838,15115,Angola,Angola,2019-03-01,2020-01-10,2020-01-03,2020-01-05,rejected,incomplete_publisher_date
2020-0001-ISR,2020-0001,DFO-4836,DFO:4836,23175,Israel,Israel,2020-01-04,2020-01-09,2020-01-04,2020-01-09,accepted,
2020-0031-ZMB,2020-0031,DFO-4842,DFO:4842,15117,Zambia,Zambia,2020-01-01,2020-01-01,2019-12-25,2020-01-08,rejected,incomplete_publisher_date
2020-0053-AUS,2020-0053,DFO-4873,DFO:4873,3965,Australia,Australia,2020-02-04,2020-02-11,2020-02-07,2020-02-17,accepted,
2020-0062-MOZ,2020-0062,DFO-4872,DFO:4872,23195,Mozambique,Mozambique,2020-02-11,2020-02-17,2020-02-12,2020-02-17,accepted,
2020-0098-RWA,2020-0098,DFO-4885,DFO:4885|GLIDE:FL-2020-000037,15143,Rwanda,Rwanda,2020-03-02,2020-03-10,2020-03-02,2020-03-05,accepted,
2020-0102-EGY,2020-0102,DFO-4881,DFO:4881|GLIDE:FL-2020-000038,15146,Egypt,Egypt,2020-03-11,2020-03-15,2020-03-12,2020-03-15,accepted,
2020-0122-PER,2020-0122,DFO-4898,DFO:4898,23200,Peru,Peru,2020-03-28,2020-04-02,2020-03-28,2020-04-02,accepted,
2020-0142-AFG,2020-0142,DFO-4909,DFO:4909,23207,Afghanistan,Iran (Islamic Republic of),2020-04-13,2020-04-16,2020-04-10,2020-04-16,rejected,country_mismatch
2020-0142-IRN,2020-0142,DFO-4909,DFO:4909,23210,Iran (Islamic Republic of),Iran (Islamic Republic of),2020-04-10,2020-04-16,2020-04-10,2020-04-16,accepted,
2020-0150-DJI,2020-0150,DFO-4901,DFO:4901|GLIDE:FF-2020-000053,15155,Djibouti,Djibouti,2020-04-20,2020-04-26,2020-04-21,2020-04-26,accepted,
2020-0157-KAZ,2020-0157,DFO-4913,DFO:4913|GLIDE:FL-2020-000130,22757,Kazakhstan,Uzbekistan • Kazakhstan,2020-05-01,2020-05-04,2020-05-01,2020-05-11,accepted,
2020-0157-UZB,2020-0157,DFO-4913,DFO:4913|GLIDE:FL-2020-000130,3950,Uzbekistan,Uzbekistan • Kazakhstan,2020-05-01,2020-05-11,2020-05-01,2020-05-11,accepted,
2020-0159-ETH,2020-0159,DFO-4711,DFO:4711|GLIDE:FF-2020-000055,22758,Ethiopia,United States of America,2020-04-20,2020-05-08,2018-12-05,2018-12-10,rejected,country_mismatch;no_date_overlap
2020-0159-SOM,2020-0159,DFO-4711,DFO:4711|GLIDE:FF-2020-000055,23214,Somalia,United States of America,2020-04-20,2020-04-28,2018-12-05,2018-12-10,rejected,country_mismatch;no_date_overlap
2020-0164-KEN,2020-0164,DFO-4897,DFO:4897,3951,Kenya,Kenya,2020-04-18,2020-06-01,2020-03-27,2020-04-27,accepted,
2020-0164-UGA,2020-0164,DFO-4897,DFO:4897,22759,Uganda,Kenya,2020-04-17,2020-05-05,2020-03-27,2020-04-27,rejected,country_mismatch
2020-0166-TZA,2020-0166,DFO-4900,DFO:4900|GLIDE:FL-2020-000125,23217,United Republic of Tanzania,United Republic of Tanzania,2020-04-22,2020-04-26,2020-04-24,2020-04-27,accepted,
2020-0168-YEM,2020-0168,DFO-4908,DFO:4908|GLIDE:FL-2020-000123,22765,Yemen,Yemen,2020-04-15,2020-04-30,2020-04-20,2020-04-22,accepted,
2020-0169-BFA,2020-0169,DFO-4902,DFO:4902,15160,Burkina Faso,Burkina Faso,2020-04-19,2020-04-26,2020-04-19,2020-04-26,accepted,
2020-0173-AGO,2020-0173,DFO-4906,DFO:4906,22766,Angola,Angola,2020-04-18,2020-04-24,2020-04-18,2020-04-24,accepted,
2020-0213-UGA,2020-0213,DFO-4925,DFO:4925,3968,Uganda,Uganda,2020-05-21,2020-05-25,2020-05-21,2020-05-25,accepted,
2020-0221-OMN,2020-0221,DFO-4923,DFO:4923,22720,Oman,Oman,2020-05-27,2020-05-31,2020-05-27,2020-05-31,accepted,
2020-0273-POL,2020-0273,DFO-4940,DFO:4940|HANZE:2239,22764,Poland,Poland,2020-06-27,2020-06-29,2020-06-29,2020-07-05,accepted,
2020-0283-UKR,2020-0283,DFO-4941,DFO:4941|GLIDE:FF-2020-000156,22773,Ukraine,Ukraine,2020-06-22,2020-06-29,2020-06-22,2020-07-05,accepted,
2020-0284-MNG,2020-0284,DFO-4934,DFO:4934,23235,Mongolia,Mongolia,2020-06-21,2020-06-25,2020-06-21,2020-06-25,accepted,
2020-0289-MYS,2020-0289,DFO-4935,DFO:4935,23216,Malaysia,Malaysia,2020-06-20,2020-06-25,2020-06-20,2020-06-25,accepted,
2020-0296-JPN,2020-0296,DFO-4942,DFO:4942|GLIDE:FL-2020-000160,23189,Japan,Japan,2020-06-29,2020-07-10,2020-06-29,2020-07-05,accepted,
2020-0301-URY,2020-0301,DFO-4931,DFO:4931,1727,Uruguay,Uruguay,2020-06-22,2020-06-24,2020-06-22,2020-06-26,accepted,
2020-0302-TCD,2020-0302,DFO-4912,DFO:4912,1729,Chad,Chad,2020-04-20,2020-04-21,2020-04-20,2020-04-26,accepted,
2021-0381-NPL,2021-0381,DFO-5090,DFO:5090,23380,Nepal,Nepal,2021-07-01,2021-07-07,2021-07-01,2021-07-04,accepted,
2021-0397-RUS,2021-0397,DFO-5094,DFO:5094,15302,Russian Federation,Russian Federation,2021-07-04,2021-07-07,2021-07-04,2021-07-06,accepted,
2021-0428-CHN,2021-0428,DFO-5096,DFO:5096,23413,China,China,2021-06-01,2021-08-30,2021-07-20,2021-07-29,accepted,
2021-0445-PAN,2021-0445,DFO-5104,DFO:5104|GLIDE:FL-2021-000096,2117,Panama,Panama,2021-07-22,2021-07-28,2021-07-22,2021-07-28,accepted,
2021-0446-CRI,2021-0446,DFO-5103,DFO:5103|GLIDE:FL-2021-000092,23414,Costa Rica,Costa Rica,2021-07-22,2021-07-28,2021-07-22,2021-07-28,accepted,
2021-0451-MMR,2021-0451,DFO-5100,DFO:5100|GLIDE:FL-2021-000095,15314,Myanmar,Myanmar • Bangladesh,2021-07-21,2021-07-29,2021-07-25,2021-07-29,accepted,
2021-0453-AFG,2021-0453,DFO-5097,DFO:5097|GLIDE:FF-2021-000102,15316,Afghanistan,Afghanistan,2021-07-28,2021-07-29,2021-07-28,2021-07-29,accepted,
2021-0455-BGD,2021-0455,DFO-5106,DFO:5106|GLIDE:FL-2021-000097,23415,Bangladesh,Bangladesh,2021-07-27,2021-08-03,2021-07-27,2021-07-30,accepted,
2021-0456-PAK,2021-0456,DFO-5099,DFO:5099,22928,Pakistan,Pakistan,2021-07-28,2021-07-29,2021-07-28,2021-07-29,accepted,
